City_ID,City,Country,Date,Lat,Lng,Max Temp,Humidity,Cloudiness,Wind Speed
0,Geraldton,AU,2022-05-13 21:46:05,-28.7667,114.6,61.21,77,100,8.05
1,San Jose,US,2022-05-13 21:42:11,37.3394,-121.895,81.88,42,20,16.11
2,Portland,US,2022-05-13 21:45:08,45.5234,-122.6762,60.28,61,100,5.75
3,Mataura,NZ,2022-05-13 21:46:06,-46.1927,168.8643,52.48,95,84,1.66
4,Shenzhen,CN,2022-05-13 21:45:50,22.5455,114.0683,77.85,98,89,4.29
5,Necochea,AR,2022-05-13 21:46:07,-38.5473,-58.7368,52.63,76,50,8.48
6,Limon,CR,2022-05-13 21:46:07,10.0,-83.0333,78.69,89,100,8.05
7,Ribeira Grande,PT,2022-05-13 21:42:07,38.5167,-28.7,60.89,72,99,4.59
8,Goderich,CA,2022-05-13 21:45:09,43.7501,-81.7165,75.52,57,5,6.91
9,Albany,US,2022-05-13 21:42:23,42.6001,-73.9662,84.63,52,29,1.01
10,Qaanaaq,GL,2022-05-13 21:46:08,77.484,-69.3632,17.2,78,50,2.46
11,Cardston,CA,2022-05-13 21:46:09,49.2,-113.3019,51.94,29,100,24.16
12,Kapaa,US,2022-05-13 21:46:09,22.0752,-159.319,82.38,76,0,13.8
13,Rikitea,PF,2022-05-13 21:46:10,-23.1203,-134.9692,77.54,73,66,20.15
14,Rongcheng,CN,2022-05-13 21:46:10,30.634,117.8517,56.1,92,37,4.16
15,Saint George,US,2022-05-13 21:45:08,37.1041,-113.5841,87.44,10,0,8.99
16,Valparaiso,CL,2022-05-13 21:45:43,-33.0393,-71.6273,70.03,66,0,9.22
17,Airai,TL,2022-05-13 21:45:07,-8.9266,125.4092,59.59,94,84,1.72
18,New Norfolk,AU,2022-05-13 21:45:02,-42.7826,147.0587,52.92,87,100,2.33
19,Mbigou,GA,2022-05-13 21:46:12,-1.9005,11.906,68.2,98,29,1.59
20,Atuona,PF,2022-05-13 21:46:12,-9.8,-139.0333,78.26,70,50,17.98
21,Taltal,CL,2022-05-13 21:46:13,-25.4,-70.4833,61.86,75,23,4.85
22,Pemangkat,ID,2022-05-13 21:46:13,1.1667,108.9667,78.6,80,100,2.26
23,Hermanus,ZA,2022-05-13 21:45:08,-34.4187,19.2345,57.79,74,59,8.05
24,Pevek,RU,2022-05-13 21:42:09,69.7008,170.3133,30.69,77,95,19.48
25,Jamestown,US,2022-05-13 21:46:14,42.097,-79.2353,76.64,50,40,9.22
26,Quixeramobim,BR,2022-05-13 21:46:15,-5.1992,-39.2928,77.74,78,99,5.35
27,Espinosa,BR,2022-05-13 21:46:15,-14.9261,-42.8192,81.86,37,98,7.65
28,Hobart,AU,2022-05-13 21:45:45,-42.8794,147.3294,53.28,92,75,3.44
29,Waipawa,NZ,2022-05-13 21:46:16,-41.4122,175.5153,56.66,66,99,8.57
30,Thompson,CA,2022-05-13 21:45:09,55.7435,-97.8558,39.36,81,100,14.97
31,Dali,CN,2022-05-13 21:46:17,25.7,100.1833,61.59,91,98,4.0
32,Mahebourg,MU,2022-05-13 21:46:18,-20.4081,57.7,71.89,73,20,4.61
33,Tasiilaq,GL,2022-05-13 21:46:18,65.6145,-37.6368,28.56,69,34,1.3
34,Cap Malheureux,MU,2022-05-13 21:46:19,-19.9842,57.6142,70.47,76,37,3.0
35,Bluff,NZ,2022-05-13 21:42:18,-46.6,168.3333,52.81,89,88,7.34
36,Ushuaia,AR,2022-05-13 21:41:47,-54.8,-68.3,44.26,87,75,8.05
37,Saint Anthony,US,2022-05-13 21:46:19,45.0205,-93.218,76.93,43,0,13.8
38,Marawi,PH,2022-05-13 21:46:20,7.9986,124.2928,70.38,90,95,1.92
39,Port Said,EG,2022-05-13 21:46:20,31.2565,32.2841,69.78,88,0,9.22
40,Kahului,US,2022-05-13 21:46:01,20.8947,-156.47,86.02,39,40,11.01
41,Punta Arenas,CL,2022-05-13 21:41:43,-53.15,-70.9167,44.71,70,75,8.05
42,Acapulco,MX,2022-05-13 21:45:16,16.8634,-99.8901,88.14,59,100,11.54
43,Placido De Castro,BR,2022-05-13 21:46:22,-10.3353,-67.1856,81.72,67,79,1.77
44,Dalby,AU,2022-05-13 21:42:11,-27.1833,151.2667,64.98,93,96,1.01
45,Revelstoke,CA,2022-05-13 21:43:42,50.9832,-118.2023,50.02,62,100,4.61
46,Urucara,BR,2022-05-13 21:46:23,-2.5364,-57.76,76.59,93,98,2.24
47,Tambovka,RU,2022-05-13 21:46:23,50.0969,128.0489,44.13,66,29,6.51
48,Bengkulu,ID,2022-05-13 21:47:24,-3.8004,102.2655,77.11,89,44,4.05
49,Wahiawa,US,2022-05-13 21:47:24,21.5028,-158.0236,82.72,58,20,10.36
50,Villa Carlos Paz,AR,2022-05-13 21:47:25,-31.4241,-64.4978,62.89,40,100,1.99
51,Osmanabad,IN,2022-05-13 21:45:08,18.1667,76.05,84.42,42,94,12.1
52,Puerto Ayora,EC,2022-05-13 21:47:26,-0.7393,-90.3518,84.16,89,95,5.01
53,Mar Del Plata,AR,2022-05-13 21:43:05,-38.0023,-57.5575,57.87,83,100,5.75
54,Lusaka,ZM,2022-05-13 21:47:27,-15.4067,28.2871,60.75,64,21,3.78
55,Fortuna,US,2022-05-13 21:47:27,40.5982,-124.1573,65.91,77,100,0.0
56,Cayenne,GF,2022-05-13 21:47:28,4.9333,-52.3333,83.08,1,100,5.75
57,Padang,ID,2022-05-13 21:47:29,-0.9492,100.3543,76.41,81,70,4.29
58,Ondjiva,AO,2022-05-13 21:47:29,-17.0667,15.7333,65.89,31,3,6.2
59,Bardiyah,LY,2022-05-13 21:47:30,31.7561,25.0865,65.03,73,0,6.08
60,Kasama,ZM,2022-05-13 21:47:30,-10.2129,31.1808,56.01,81,45,2.91
61,Touros,BR,2022-05-13 21:46:29,-5.1989,-35.4608,79.03,83,85,9.93
62,Sambava,MG,2022-05-13 21:47:31,-14.2667,50.1667,72.27,80,2,11.52
63,Hilo,US,2022-05-13 21:47:32,19.7297,-155.09,85.28,75,100,13.8
64,Dikson,RU,2022-05-13 21:47:32,73.5069,80.5464,33.01,98,100,15.61
65,Namibe,AO,2022-05-13 21:47:33,-15.1961,12.1522,72.5,76,1,3.0
66,Bethel,US,2022-05-13 21:47:33,41.3712,-73.414,79.65,74,75,8.05
67,Cape Town,ZA,2022-05-13 21:42:40,-33.9258,18.4232,54.91,89,20,6.91
68,Castro,BR,2022-05-13 21:47:34,-24.7911,-50.0119,57.07,87,0,2.93
69,Provideniya,RU,2022-05-13 21:47:34,64.3833,-173.3,40.15,50,1,6.35
70,Butaritari,KI,2022-05-13 21:47:35,3.0707,172.7902,80.83,74,96,7.92
71,Mumford,GH,2022-05-13 21:47:35,5.2618,-0.759,82.54,84,7,10.92
72,Lebu,CL,2022-05-13 21:47:36,-37.6167,-73.65,51.37,74,73,20.38
73,Grindavik,IS,2022-05-13 21:47:36,63.8424,-22.4338,40.95,60,75,10.36
74,Carnarvon,AU,2022-05-13 21:47:37,-24.8667,113.6333,63.81,62,0,18.75
75,Busselton,AU,2022-05-13 21:47:37,-33.65,115.3333,61.84,70,72,17.43
76,Nadym,RU,2022-05-13 21:47:38,65.5333,72.5167,42.12,95,89,10.56
77,Leningradskiy,RU,2022-05-13 21:47:38,69.3833,178.4167,34.16,82,24,5.3
78,Rundu,NA,2022-05-13 21:47:39,-17.9333,19.7667,60.33,38,0,4.97
79,Avera,US,2022-05-13 21:47:40,33.194,-82.5271,73.45,62,85,8.86
80,Cabedelo,BR,2022-05-13 21:47:41,-6.9811,-34.8339,79.47,80,86,9.86
81,Norman Wells,CA,2022-05-13 21:46:31,65.282,-126.8329,62.64,22,75,4.61
82,San Patricio,US,2022-05-13 21:47:42,28.017,-97.5169,93.92,49,2,15.9
83,Sitka,US,2022-05-13 21:47:42,57.0531,-135.33,49.89,71,40,9.22
84,Souillac,MU,2022-05-13 21:47:43,-20.5167,57.5167,71.98,73,20,4.61
85,East London,ZA,2022-05-13 21:47:35,-33.0153,27.9116,61.97,79,52,8.93
86,Ust-Nera,RU,2022-05-13 21:47:43,64.5667,143.2,34.79,91,100,3.69
87,Quthing,LS,2022-05-13 21:47:44,-30.4,27.7003,50.97,50,16,3.47
88,Los Llanos De Aridane,ES,2022-05-13 21:47:44,28.6585,-17.9182,65.95,93,100,0.0
89,Kapuskasing,CA,2022-05-13 21:47:45,49.4169,-82.4331,77.09,73,40,10.36
90,Mastic Beach,US,2022-05-13 21:47:45,40.7668,-72.8521,70.48,91,100,7.0
91,Codrington,AU,2022-05-13 21:47:46,-38.2667,141.9667,62.42,69,100,18.99
92,Kpandae,GH,2022-05-13 21:47:47,8.4689,-0.0113,74.55,91,100,11.18
93,Aykhal,RU,2022-05-13 21:48:47,66.0,111.5,24.51,93,100,5.97
94,Ponta Do Sol,PT,2022-05-13 21:48:48,32.6667,-17.1,69.01,83,34,4.47
95,Cervo,ES,2022-05-13 21:48:48,43.6702,-7.4101,56.97,94,90,9.04
96,Torbay,CA,2022-05-13 21:47:42,47.6666,-52.7314,47.28,79,75,8.05
97,Casma,CL,2022-05-13 21:48:49,-41.0082,-73.1244,49.28,84,99,2.55
98,Atbasar,KZ,2022-05-13 21:48:49,51.8,68.3333,54.32,65,93,7.7
99,Severo-Kurilsk,RU,2022-05-13 21:48:50,50.6789,156.125,39.25,95,100,17.05
100,Barsovo,RU,2022-05-13 21:48:51,61.1667,73.1667,50.13,78,70,7.78
101,Grants,US,2022-05-13 21:48:51,35.1473,-107.8514,75.43,5,0,0.0
102,Bredasdorp,ZA,2022-05-13 21:48:52,-34.5322,20.0403,54.82,76,62,6.82
103,Novaya Lyalya,RU,2022-05-13 21:48:52,59.055,60.599,44.11,97,99,3.76
104,Ancud,CL,2022-05-13 21:48:53,-41.8697,-73.8203,49.87,76,99,3.91
105,Siguiri,GN,2022-05-13 21:48:53,11.6667,-9.5,92.19,31,57,2.37
106,Entre Rios,BR,2022-05-13 21:48:54,-11.9419,-38.0844,71.73,89,11,4.14
107,Powassan,CA,2022-05-13 21:48:54,46.0334,-79.3496,83.26,50,25,7.81
108,Birao,CF,2022-05-13 21:48:55,10.2849,22.7882,83.8,43,100,5.93
109,Qaqortoq,GL,2022-05-13 21:44:17,60.7167,-46.0333,31.39,77,67,10.04
110,Port-Gentil,GA,2022-05-13 21:48:56,-0.7193,8.7815,80.56,89,40,9.22
111,Hamilton,US,2022-05-13 21:47:47,39.1834,-84.5333,84.99,47,20,8.05
112,Alice Springs,AU,2022-05-13 21:48:56,-23.7,133.8833,56.75,47,69,0.0
113,Along,IN,2022-05-13 21:48:57,28.1667,94.7667,70.21,99,100,1.03
114,Nikolskoye,RU,2022-05-13 21:48:57,59.7035,30.7861,48.09,79,78,9.17
115,Cherskiy,RU,2022-05-13 21:48:58,68.75,161.3,39.06,74,25,16.55
116,Bakonycsernye,HU,2022-05-13 21:48:59,47.324,18.0751,65.61,83,22,9.86
117,Vaini,TO,2022-05-13 21:48:59,-21.2,-175.2,75.36,64,20,13.8
118,Pacific Grove,US,2022-05-13 21:49:00,36.6177,-121.9166,76.95,73,0,11.01
119,Ihosy,MG,2022-05-13 21:49:00,-22.4,46.1167,60.87,91,57,7.7
120,Tuktoyaktuk,CA,2022-05-13 21:49:01,69.4541,-133.0374,32.0,93,100,19.57
121,Nara,JP,2022-05-13 21:49:01,34.6851,135.8049,67.5,98,100,3.56
122,Ukiah,US,2022-05-13 21:49:02,39.1502,-123.2078,76.44,53,40,13.8
123,Caravelas,BR,2022-05-13 21:49:02,-17.7125,-39.2481,75.43,79,10,6.87
124,Yacuiba,BO,2022-05-13 21:49:03,-22.038,-63.6797,70.57,83,100,13.8
125,Amapa,BR,2022-05-13 21:49:03,1.0,-52.0,73.99,99,89,2.73
126,Kenai,US,2022-05-13 21:49:03,60.5544,-151.2583,48.02,72,75,10.36
127,Mount Gambier,AU,2022-05-13 21:49:04,-37.8333,140.7667,61.65,69,100,14.88
128,Faanui,PF,2022-05-13 21:49:04,-16.4833,-151.75,81.36,72,5,17.22
129,Kimbe,PG,2022-05-13 21:49:05,-5.5502,150.1429,80.76,78,28,2.55
130,Vestmannaeyjar,IS,2022-05-13 21:49:06,63.4427,-20.2734,42.66,55,100,2.73
131,Cabo San Lucas,MX,2022-05-13 21:46:26,22.8909,-109.9124,86.61,62,66,3.38
132,Karratha,AU,2022-05-13 21:49:06,-20.7377,116.8463,73.08,71,0,8.05
133,Anloga,GH,2022-05-13 21:49:07,5.7947,0.8973,83.57,82,39,12.03
134,Charters Towers,AU,2022-05-13 21:49:07,-20.1,146.2667,68.18,70,0,11.41
135,Yellowknife,CA,2022-05-13 21:49:08,62.456,-114.3525,59.56,33,75,11.5
136,Clyde River,CA,2022-05-13 21:49:08,70.4692,-68.5914,23.23,80,20,21.85
137,Zyryanka,RU,2022-05-13 21:49:09,65.75,150.85,35.42,84,94,12.77
138,Barrow,US,2022-05-13 21:46:32,71.2906,-156.7887,19.42,79,100,13.8
139,Lavrentiya,RU,2022-05-13 21:50:09,65.5833,-171.0,29.84,80,5,4.88
140,Hithadhoo,MV,2022-05-13 21:50:10,-0.6,73.0833,82.44,72,100,6.46
141,Nanortalik,GL,2022-05-13 21:50:11,60.1432,-45.2371,30.96,77,99,5.01
142,Kudahuvadhoo,MV,2022-05-13 21:50:11,2.6708,72.8944,80.83,78,100,18.66
143,Klaksvik,FO,2022-05-13 21:50:12,62.2266,-6.589,38.32,71,98,13.24
144,Chuy,UY,2022-05-13 21:50:12,-33.6971,-53.4616,56.75,76,97,6.29
145,Wajir,KE,2022-05-13 21:50:13,1.7471,40.0573,78.87,64,69,15.68
146,Georgetown,MY,2022-05-13 21:46:53,5.4112,100.3354,82.33,93,20,3.44
147,Goalpara,IN,2022-05-13 21:50:13,26.1667,90.6167,73.85,97,62,2.62
148,Rakovnik,CZ,2022-05-13 21:50:14,50.1037,13.7334,54.84,52,77,2.57
149,Freetown,SL,2022-05-13 21:49:36,8.484,-13.2299,79.34,85,88,4.56
150,Lesnikovo,RU,2022-05-13 21:50:15,55.2822,65.3175,51.78,75,100,16.82
151,Saint-Philippe,RE,2022-05-13 21:50:15,-21.3585,55.7679,69.39,70,1,6.98
152,Bonthe,SL,2022-05-13 21:50:16,7.5264,-12.505,80.87,86,99,7.07
153,Zorgo,BF,2022-05-13 21:50:16,12.2489,-0.6158,97.63,23,4,7.2
154,Hay River,CA,2022-05-13 21:50:17,60.8156,-115.7999,46.38,66,75,9.22
155,Mbandaka,CD,2022-05-13 21:50:17,0.0487,18.2603,74.1,84,9,3.98
156,Vysokogornyy,RU,2022-05-13 21:50:18,50.1167,139.15,43.86,72,100,0.2
157,Port Elizabeth,ZA,2022-05-13 21:50:18,-33.918,25.5701,62.1,79,0,13.8
158,Ambilobe,MG,2022-05-13 21:50:19,-13.2,49.05,69.85,89,0,3.69
159,Kruisfontein,ZA,2022-05-13 21:50:19,-34.0033,24.7314,59.88,81,40,9.48
160,Selenginsk,RU,2022-05-13 21:50:20,52.0064,106.8647,32.41,57,18,2.91
161,Saint-Augustin,CA,2022-05-13 21:50:20,51.226,-58.6502,46.51,52,100,13.91
162,Avarua,CK,2022-05-13 21:50:21,-21.2078,-159.775,82.45,83,100,11.5
163,Verkhoyansk,RU,2022-05-13 21:50:21,67.5447,133.385,24.1,59,100,6.91
164,Ayan,RU,2022-05-13 21:50:21,56.45,138.1667,30.87,91,72,4.94
165,Gnjilane,XK,2022-05-13 21:50:22,42.4604,21.4699,62.92,68,5,1.52
166,Nantucket,US,2022-05-13 21:50:22,41.2835,-70.0995,64.54,95,100,8.05
167,Richards Bay,ZA,2022-05-13 21:50:23,-28.783,32.0377,65.84,91,32,4.07
168,Rawson,AR,2022-05-13 21:50:23,-43.3002,-65.1023,53.64,44,19,19.3
169,Bend,US,2022-05-13 21:45:37,44.0582,-121.3153,58.86,36,75,14.97
170,Fort Nelson,CA,2022-05-13 21:50:03,58.8053,-122.7002,60.39,39,75,4.61
171,Vra,DK,2022-05-13 21:50:24,57.3476,9.9515,53.31,88,88,20.29
172,Rangpur,BD,2022-05-13 21:50:25,25.75,89.25,74.8,97,47,7.2
173,Paamiut,GL,2022-05-13 21:50:25,61.994,-49.6678,30.51,70,100,25.28
174,Lethem,GY,2022-05-13 21:50:26,3.3803,-59.7968,83.88,62,91,7.78
175,Upernavik,GL,2022-05-13 21:50:27,72.7868,-56.1549,17.4,81,24,1.63
176,Lompoc,US,2022-05-13 21:50:27,34.6391,-120.4579,92.7,44,0,28.99
177,Kilindoni,TZ,2022-05-13 21:50:28,-7.9139,39.6668,80.08,72,84,14.36
178,Satara,IN,2022-05-13 21:45:51,17.6833,73.9833,73.9,81,96,6.33
179,Kavieng,PG,2022-05-13 21:50:29,-2.5744,150.7967,83.41,70,69,10.6
180,Kodiak,US,2022-05-13 21:50:30,57.79,-152.4072,51.31,35,0,21.85
181,Koping,SE,2022-05-13 21:50:31,59.514,15.9926,52.5,75,71,10.04
182,Saskylakh,RU,2022-05-13 21:50:31,71.9167,114.0833,7.0,98,86,3.18
183,Nador,MA,2022-05-13 21:49:51,35.174,-2.9287,64.65,88,75,3.44
184,Vao,NC,2022-05-13 21:50:32,-22.6667,167.4833,72.82,68,100,19.62
185,Edson,CA,2022-05-13 21:51:32,53.5835,-116.4356,60.91,23,40,5.75
186,Bad Windsheim,DE,2022-05-13 21:51:33,49.5,10.4167,57.06,69,10,2.98
187,Sola,VU,2022-05-13 21:51:33,-13.8833,167.55,80.44,75,97,23.11
188,Bezhetsk,RU,2022-05-13 21:51:34,57.7851,36.6965,46.8,77,24,17.94
189,Khatanga,RU,2022-05-13 21:51:34,71.9667,102.5,22.84,88,100,7.45
190,Krutinka,RU,2022-05-13 21:51:35,56.0055,71.5113,52.12,74,80,7.76
191,Ranong,TH,2022-05-13 21:51:35,9.9658,98.6348,80.01,88,100,6.33
192,Lasa,IT,2022-05-13 21:51:36,46.6166,10.7002,63.48,93,92,4.38
193,Shimoda,JP,2022-05-13 21:51:36,34.6667,138.95,69.1,98,100,18.7
194,Wanlaweyn,SO,2022-05-13 21:51:37,2.6185,44.8938,77.5,86,100,8.84
195,Cidreira,BR,2022-05-13 21:51:37,-30.1811,-50.2056,62.69,72,67,8.25
196,Coquimbo,CL,2022-05-13 21:51:38,-29.9533,-71.3436,58.73,82,40,8.05
197,Guerrero Negro,MX,2022-05-13 21:51:38,27.9769,-114.0611,77.45,30,55,15.12
198,Aklavik,CA,2022-05-13 21:51:39,68.2191,-135.0107,30.2,80,100,18.41
199,Port Alfred,ZA,2022-05-13 21:51:40,-33.5906,26.891,58.17,89,68,4.0
200,Iqaluit,CA,2022-05-13 21:51:40,63.7506,-68.5145,26.33,68,20,17.27
201,Bambous Virieux,MU,2022-05-13 21:51:40,-20.3428,57.7575,71.85,73,20,4.61
202,Kulunda,RU,2022-05-13 21:51:41,52.566,78.9385,62.56,29,5,5.57
203,Porto Novo,BJ,2022-05-13 21:50:09,6.4965,2.6036,84.02,81,97,7.23
204,Tuatapere,NZ,2022-05-13 21:51:42,-46.1333,167.6833,54.72,92,92,2.86
205,Evensk,RU,2022-05-13 21:51:42,61.95,159.2333,35.04,93,96,1.39
206,Matamoros,MX,2022-05-13 21:51:43,25.5333,-103.25,98.78,12,5,14.18
207,Baruun-Urt,MN,2022-05-13 21:51:43,46.6806,113.2792,39.24,65,78,5.99
208,Caraballeda,VE,2022-05-13 21:51:44,10.6112,-66.8522,82.47,83,40,4.61
209,Taksimo,RU,2022-05-13 21:51:44,56.3444,114.8794,42.58,72,100,5.21
210,Isangel,VU,2022-05-13 21:51:45,-19.55,169.2667,75.31,73,99,3.44
211,Cuajinicuilapa,MX,2022-05-13 21:51:45,16.4667,-98.4167,92.5,43,100,12.5
212,Vanimo,PG,2022-05-13 21:51:46,-2.6741,141.3028,80.11,81,50,4.68
213,Roma,US,2022-05-13 21:51:46,43.2128,-75.4557,84.34,42,0,8.05
214,Dayong,CN,2022-05-13 21:51:47,25.0209,118.2898,68.29,96,100,3.51
215,Bathsheba,BB,2022-05-13 21:51:47,13.2167,-59.5167,84.81,70,40,18.41
216,Tezu,IN,2022-05-13 21:51:48,27.9167,96.1667,70.86,98,100,1.74
217,Half Moon Bay,US,2022-05-13 21:51:48,37.4636,-122.4286,81.88,75,75,21.85
218,Raudeberg,NO,2022-05-13 21:51:49,61.9875,5.1352,41.95,94,99,15.57
219,Poso,ID,2022-05-13 21:51:49,-1.3959,120.7524,78.13,86,100,2.98
220,Yinchuan,CN,2022-05-13 21:51:50,38.4681,106.2731,52.63,15,98,3.96
221,Rauma,FI,2022-05-13 21:51:50,61.1272,21.5113,41.04,83,38,7.2
222,Nikki,BJ,2022-05-13 21:51:51,9.9401,3.2108,75.29,83,100,3.62
223,Iracoubo,GF,2022-05-13 21:51:51,5.4802,-53.2011,78.44,85,12,10.87
224,Luderitz,NA,2022-05-13 21:51:52,-26.6481,15.1594,56.7,62,97,11.68
225,Saryg-Sep,RU,2022-05-13 21:51:52,51.5,95.6,39.7,44,30,3.87
226,Tibati,CM,2022-05-13 21:51:53,6.4667,12.6333,68.02,94,100,5.57
227,Kaitangata,NZ,2022-05-13 21:47:47,-46.2817,169.8464,52.11,90,93,5.7
228,Kaitong,CN,2022-05-13 21:51:54,44.8135,123.15,46.81,43,97,13.78
229,Gao,ML,2022-05-13 21:51:54,16.6362,1.637,92.23,7,49,9.44
230,Great Yarmouth,GB,2022-05-13 21:51:55,52.6083,1.7305,57.45,89,68,9.62
231,Manicore,BR,2022-05-13 21:51:55,-5.8092,-61.3003,80.55,89,100,2.3
232,Nova Granada,BR,2022-05-13 21:52:56,-20.5339,-49.3142,79.05,55,1,5.7
233,Westport,US,2022-05-13 21:52:56,41.1415,-73.3579,77.61,86,35,3.0
234,Huarmey,PE,2022-05-13 21:52:57,-10.0681,-78.1522,67.71,79,46,9.91
235,Lata,PT,2022-05-13 21:52:57,40.1629,-8.3327,65.44,52,100,2.59
236,Husavik,IS,2022-05-13 21:52:58,66.0449,-17.3389,31.35,88,99,3.42
237,Marzuq,YE,2022-05-13 21:52:58,14.4,46.4667,74.21,18,4,3.89
238,Lima,PE,2022-05-13 21:50:55,-12.0432,-77.0282,62.85,77,75,17.27
239,Mogok,MM,2022-05-13 21:52:59,22.9167,96.5,65.64,96,89,4.36
240,Pueblo Nuevo,MX,2022-05-13 21:53:00,23.3833,-105.3833,79.7,32,29,8.59
241,Paita,PE,2022-05-13 21:53:00,-5.0892,-81.1144,69.01,78,67,15.79
242,Saldanha,ZA,2022-05-13 21:53:01,-33.0117,17.9442,51.85,64,90,4.38
243,Nome,US,2022-05-13 21:53:01,64.5011,-165.4064,37.17,52,1,9.84
244,Esperance,AU,2022-05-13 21:53:02,-33.8667,121.9,55.99,64,68,19.62
245,Buenos Aires,AR,2022-05-13 21:52:00,-34.6132,-58.3772,64.29,71,0,8.05
246,Derzhavinsk,KZ,2022-05-13 21:53:02,51.1,66.3167,54.05,64,40,10.36
247,Fairbanks,US,2022-05-13 21:48:56,64.8378,-147.7164,47.01,69,75,5.75
248,Albemarle,US,2022-05-13 21:50:00,35.3501,-80.2001,75.72,74,40,4.61
249,Harper,LR,2022-05-13 21:53:03,4.375,-7.7169,81.09,84,65,9.57
250,Constitucion,CL,2022-05-13 21:53:04,-35.3333,-72.4167,54.19,69,29,12.48
251,Boyuibe,BO,2022-05-13 21:53:05,-20.4167,-63.2833,74.82,56,3,7.76
252,Port Augusta,AU,2022-05-13 21:53:06,-32.5,137.7667,66.69,48,100,16.91
253,Angoche,MZ,2022-05-13 21:53:06,-16.2325,39.9086,71.71,83,29,5.82
254,Papa,HU,2022-05-13 21:53:07,47.33,17.4674,62.31,94,0,6.91
255,Martinsburg,US,2022-05-13 21:53:07,39.4562,-77.9639,75.0,75,98,4.0
256,Lazaro Cardenas,MX,2022-05-13 21:53:08,17.9583,-102.2,87.55,56,100,13.78
257,Straja,RO,2022-05-13 21:53:08,47.9167,25.55,59.18,95,62,4.43
258,Manzil Salim,TN,2022-05-13 21:53:09,35.8567,8.4765,65.8,42,1,2.46
259,Kharabali,RU,2022-05-13 21:53:09,47.4196,47.2568,61.41,68,98,13.38
260,Broken Hill,AU,2022-05-13 21:53:10,-31.95,141.4333,58.73,71,83,10.49
261,Batsfjord,NO,2022-05-13 21:53:10,70.6345,29.7185,35.53,86,100,13.8
262,Hornepayne,CA,2022-05-13 21:53:11,49.2138,-84.7705,80.85,49,11,10.83
263,Meulaboh,ID,2022-05-13 21:50:20,4.1363,96.1285,77.47,89,68,2.66
264,Knysna,ZA,2022-05-13 21:53:11,-34.0363,23.0471,56.86,82,84,5.91
265,Kez,RU,2022-05-13 21:53:12,57.8979,53.7152,44.08,77,100,5.37
266,Swan River,CA,2022-05-13 21:53:12,52.1058,-101.2676,42.69,100,100,25.32
267,Bandundu,CD,2022-05-13 21:53:13,-3.3167,17.3667,75.6,85,95,3.69
268,Vuktyl,RU,2022-05-13 21:53:13,63.8567,57.3094,49.95,71,66,6.6
269,Samarai,PG,2022-05-13 21:53:14,-10.6167,150.6667,82.24,79,46,5.46
270,Khakhea,BW,2022-05-13 21:53:14,-24.6895,23.494,64.06,30,8,7.47
271,Severo-Yeniseyskiy,RU,2022-05-13 21:53:15,60.3725,93.0408,35.71,92,11,3.67
272,Puerto Montt,CL,2022-05-13 21:53:15,-41.4698,-72.9447,49.03,100,100,4.61
273,Alanya,TR,2022-05-13 21:53:16,36.5438,31.9998,67.77,64,25,2.77
274,Poronaysk,RU,2022-05-13 21:53:16,49.2167,143.1167,41.27,93,100,7.7
275,Lysva,RU,2022-05-13 21:53:17,58.1086,57.8053,39.72,96,57,4.18
276,Port Hueneme,US,2022-05-13 21:53:17,34.1478,-119.1951,94.33,16,0,11.5
277,Farafangana,MG,2022-05-13 21:53:18,-22.8167,47.8333,70.61,77,92,0.74
278,Anderson,US,2022-05-13 21:50:47,34.5334,-82.6499,79.18,75,40,14.97
279,Huilong,CN,2022-05-13 21:54:19,31.8111,121.655,55.92,75,3,6.76
280,Crotone,IT,2022-05-13 21:54:19,39.0851,17.1178,64.18,69,13,5.55
281,High Level,CA,2022-05-13 21:54:20,58.5169,-117.136,66.31,34,75,8.05
282,Udalguri,IN,2022-05-13 21:54:22,26.7667,92.1333,72.7,95,75,4.21
283,Praia Da Vitoria,PT,2022-05-13 21:54:23,38.7333,-27.0667,58.75,100,40,4.45
284,Kununurra,AU,2022-05-13 21:54:24,-15.7667,128.7333,67.98,94,15,0.0
285,Sakakah,SA,2022-05-13 21:54:25,29.9697,40.2064,78.37,19,0,8.37
286,Te Anau,NZ,2022-05-13 21:54:26,-45.4167,167.7167,53.82,92,100,1.32
287,Privas,FR,2022-05-13 21:54:26,44.5833,4.5,65.23,92,42,4.21
288,Zainsk,RU,2022-05-13 21:54:27,55.3195,52.0694,47.39,96,98,7.92
289,Salinopolis,BR,2022-05-13 21:54:28,-0.6136,-47.3561,79.93,84,60,9.26
290,Chiojdeni,RO,2022-05-13 21:54:29,45.55,26.8667,58.64,84,75,5.59
291,Shingu,JP,2022-05-13 21:54:30,33.7333,135.9833,68.81,97,100,6.44
292,College,US,2022-05-13 21:54:31,64.8569,-147.8028,46.99,71,75,5.75
293,Natal,BR,2022-05-13 21:52:49,-5.795,-35.2094,79.02,94,0,17.27
294,Arraial Do Cabo,BR,2022-05-13 21:54:32,-22.9661,-42.0278,73.36,73,40,5.75
295,Soissons,FR,2022-05-13 21:54:33,49.3333,3.3333,48.83,89,14,3.87
296,Tura,IN,2022-05-13 21:54:34,25.5198,90.2201,70.79,99,40,4.74
297,Suez,EG,2022-05-13 21:54:21,29.9737,32.5263,71.26,42,7,13.6
298,Nichinan,JP,2022-05-13 21:53:54,31.6,131.3667,69.48,93,100,4.92
299,Luanda,AO,2022-05-13 21:54:35,-8.8368,13.2343,77.0,88,20,9.22
300,Tacoronte,ES,2022-05-13 21:54:36,28.4769,-16.4102,63.16,87,20,3.44
301,Honningsvag,NO,2022-05-13 21:54:37,70.9821,25.9704,35.35,80,100,10.36
302,Port Hardy,CA,2022-05-13 21:54:37,50.6996,-127.4199,50.18,66,75,3.44
303,Hofn,IS,2022-05-13 21:54:38,64.2539,-15.2082,39.31,57,95,9.86
304,Malanje,AO,2022-05-13 21:54:38,-9.5402,16.341,70.38,67,94,4.09
305,Chokurdakh,RU,2022-05-13 21:53:55,70.6333,147.9167,16.66,88,100,6.33
306,Jinchang,CN,2022-05-13 21:54:39,38.4953,102.1739,41.92,78,89,2.08
307,Jieshi,CN,2022-05-13 21:54:39,22.8134,115.8257,74.95,97,100,10.42
308,Victoria,HK,2022-05-13 21:51:50,22.2855,114.1577,77.95,96,93,4.0
309,Sur,OM,2022-05-13 21:54:40,22.5667,59.5289,90.63,31,2,15.93
310,Talcahuano,CL,2022-05-13 21:54:41,-36.7167,-73.1167,58.68,63,0,12.66
311,Kolondieba,ML,2022-05-13 21:54:42,11.0882,-6.8926,90.5,36,81,4.65
312,Fuzhou,CN,2022-05-13 21:54:43,26.0614,119.3061,64.29,98,100,3.8
313,Mandalgovi,MN,2022-05-13 21:54:44,45.7625,106.2708,38.91,44,1,9.57
314,Lerwick,GB,2022-05-13 21:54:44,60.1545,-1.1494,46.4,77,16,16.06
315,Athabasca,CA,2022-05-13 21:54:45,54.7169,-113.2854,57.61,51,100,16.4
316,Sisimiut,GL,2022-05-13 21:54:45,66.9395,-53.6735,25.03,75,100,9.04
317,Nova Olimpia,BR,2022-05-13 21:54:46,-14.7972,-57.2881,83.44,49,36,1.9
318,Gigmoto,PH,2022-05-13 21:54:46,13.7796,124.39,79.75,87,100,7.63
319,Birnin Kebbi,NG,2022-05-13 21:54:47,12.4539,4.1975,90.41,40,29,5.73
320,Bam,IR,2022-05-13 21:54:47,29.106,58.357,76.32,18,0,14.05
321,Pychas,RU,2022-05-13 21:54:48,56.5033,52.4409,45.03,94,100,5.95
322,Wad Rawah,SD,2022-05-13 21:54:49,15.1603,33.1397,95.59,17,0,5.95
323,Numan,NG,2022-05-13 21:54:49,9.4667,12.0333,81.36,65,100,6.6
324,Ossora,RU,2022-05-13 21:55:50,59.2353,163.0719,34.48,100,100,4.16
325,Muhos,FI,2022-05-13 21:55:51,64.808,25.9931,42.58,85,1,3.58
326,Tiznit,MA,2022-05-13 21:55:51,29.5833,-9.5,69.13,53,77,5.23
327,Tateyama,JP,2022-05-13 21:55:53,34.9833,139.8667,70.11,94,75,9.22
328,Formosa,AR,2022-05-13 21:55:54,-26.1775,-58.1781,71.58,73,0,3.44
329,Northam,GB,2022-05-13 21:55:55,51.0333,-4.2167,53.62,91,46,8.93
330,Mackay,AU,2022-05-13 21:55:55,-21.15,149.2,73.69,86,7,5.46
331,Jiancheng,CN,2022-05-13 21:55:56,30.391,104.5491,54.81,91,100,25.12
332,La Mira,MX,2022-05-13 21:55:58,18.035,-102.3266,88.81,51,100,12.91
333,Katete,UG,2022-05-13 21:55:58,-0.7818,29.7544,59.76,93,65,4.0
334,Dimona,IL,2022-05-13 21:56:00,31.0667,35.0333,74.55,26,5,5.57
335,Tukan,RU,2022-05-13 21:56:01,53.8409,57.4552,43.54,98,100,9.24
336,Itarema,BR,2022-05-13 21:56:02,-2.9248,-39.9167,78.21,87,100,12.84
337,Yeniseysk,RU,2022-05-13 21:56:03,58.4497,92.1703,46.83,75,30,4.09
338,Copiapo,CL,2022-05-13 21:56:04,-27.3667,-70.3333,58.69,47,0,4.68
339,Mantua,IT,2022-05-13 21:56:05,45.1667,10.7833,68.05,49,85,3.0
340,Panjab,AF,2022-05-13 21:56:06,34.388,67.0233,53.2,40,2,3.22
341,Wasilla,US,2022-05-13 21:56:06,61.5814,-149.4394,49.66,67,100,3.0
342,Nezhinka,RU,2022-05-13 21:56:07,51.7676,55.3694,53.76,94,100,13.42
343,Petropavlovsk-Kamchatskiy,RU,2022-05-13 21:56:09,53.0452,158.6483,39.79,100,100,13.42
344,Carman,CA,2022-05-13 21:52:14,49.4992,-98.0016,55.49,62,100,31.07
345,Saint-Pierre,RE,2022-05-13 21:56:10,-21.3393,55.4781,69.91,56,0,8.05
346,Ponca City,US,2022-05-13 21:53:48,36.707,-97.0856,84.22,60,31,1.01
347,Nizhniy Kuranakh,RU,2022-05-13 21:56:11,58.8353,125.4869,36.66,98,100,7.4
348,Flin Flon,CA,2022-05-13 21:56:11,54.7682,-101.865,37.24,93,100,20.71
349,Yarada,IN,2022-05-13 21:56:12,17.65,83.2667,84.52,84,40,4.61
350,Polewali,ID,2022-05-13 21:56:12,-3.4324,119.3435,77.32,89,99,3.36
351,Tretten,NO,2022-05-13 21:56:13,61.3142,10.3007,44.24,77,100,2.75
352,West Wendover,US,2022-05-13 21:56:13,40.7391,-114.0733,67.01,17,92,7.56
353,Gizo,SB,2022-05-13 21:54:26,-8.103,156.8419,82.72,69,16,3.36
354,Kindu,CD,2022-05-13 21:56:14,-2.95,25.95,74.88,76,89,1.59
355,Talnakh,RU,2022-05-13 21:52:36,69.4865,88.3972,38.21,99,100,6.33
356,Buala,SB,2022-05-13 21:56:15,-8.145,159.5921,82.78,76,15,2.21
357,Adrar,MR,2022-05-13 21:55:23,20.5022,-10.0711,90.97,10,66,7.81
358,Lahuachaca,BO,2022-05-13 21:56:16,-17.3667,-67.6667,50.72,46,73,7.09
359,Nago,JP,2022-05-13 21:56:16,26.5881,127.9761,75.45,93,100,9.01
360,Newport,GB,2022-05-13 21:56:17,51.5877,-2.9984,55.26,84,11,9.84
361,Zalesovo,RU,2022-05-13 21:56:17,53.9939,84.7431,53.71,49,4,2.68
362,Dudinka,RU,2022-05-13 21:56:17,69.4058,86.1778,38.62,100,100,8.79
363,San Cristobal,VE,2022-05-13 21:55:03,7.7669,-72.225,77.18,72,91,5.23
364,Dawei,MM,2022-05-13 21:56:18,14.0833,98.2,75.88,93,51,2.98
365,Longyearbyen,SJ,2022-05-13 21:56:19,78.2186,15.6401,22.84,63,0,9.22
366,San Pedro,PH,2022-05-13 21:52:57,14.35,121.0167,83.43,84,40,1.14
367,Nikolayevsk-Na-Amure,RU,2022-05-13 21:56:19,53.1406,140.73,43.45,89,86,2.33
368,Kargasok,RU,2022-05-13 21:56:20,59.0556,80.8572,52.97,48,30,7.54
369,Gornopravdinsk,RU,2022-05-13 21:56:20,60.05,69.9,53.04,71,97,9.64
370,Rajapur,IN,2022-05-13 21:56:21,25.3833,81.15,92.34,13,4,5.77
371,San Luis,AR,2022-05-13 21:56:21,-33.295,-66.3356,56.44,77,93,8.1
372,Vardo,NO,2022-05-13 21:57:22,70.3705,31.1107,30.18,86,46,11.5
373,Yerbogachen,RU,2022-05-13 21:57:22,61.2767,108.0108,41.11,86,98,3.91
374,Bom Jesus,BR,2022-05-13 21:57:23,-9.0744,-44.3586,87.1,39,98,3.24
375,Yorosso,ML,2022-05-13 21:57:23,12.3536,-4.7761,94.89,21,29,5.35
376,Hovd,MN,2022-05-13 21:57:24,48.0056,91.6419,45.9,41,0,2.57
377,Killybegs,IE,2022-05-13 21:57:24,54.6333,-8.45,50.67,90,88,11.41
378,Lagoa,PT,2022-05-13 21:53:39,39.05,-27.9833,59.5,78,100,1.86
379,Kaspiysk,RU,2022-05-13 21:57:25,42.8816,47.6392,50.18,87,2,4.47
380,Naliya,IN,2022-05-13 21:57:25,23.2667,68.8333,82.22,79,19,14.65
381,Mujiayingzi,CN,2022-05-13 21:57:26,42.1167,118.7833,40.05,49,1,12.24
382,Ajaccio,FR,2022-05-13 21:56:15,42.0,8.9167,55.45,72,0,6.91
383,Camacha,PT,2022-05-13 21:57:27,33.0833,-16.3333,63.82,82,75,4.61
384,Mount Isa,AU,2022-05-13 21:57:27,-20.7333,139.5,51.57,100,0,0.0
385,Muros,ES,2022-05-13 21:57:27,42.7762,-9.0603,62.83,77,100,4.72
386,Palestina,PS,2022-05-13 21:57:28,31.9216,35.2033,72.93,34,3,1.5
387,Oksfjord,NO,2022-05-13 21:57:28,70.2396,22.3479,37.47,90,88,2.3
388,Lehi,US,2022-05-13 21:56:25,40.3916,-111.8508,68.86,27,59,10.0
389,Narsaq,GL,2022-05-13 21:57:29,60.9167,-46.05,32.54,77,83,6.85
390,Fasa,IR,2022-05-13 21:57:30,28.9383,53.6482,63.64,15,0,4.61
391,Riyadh,SA,2022-05-13 21:57:30,24.6877,46.7219,78.94,17,0,11.03
392,Tecoanapa,MX,2022-05-13 21:55:28,16.5167,-98.75,88.39,59,100,11.77
393,Bluefield,US,2022-05-13 21:57:31,37.2698,-81.2223,69.66,74,100,4.0
394,Vila Velha,BR,2022-05-13 21:57:05,-20.3297,-40.2925,76.95,73,40,6.91
395,Coahuayana,MX,2022-05-13 21:57:32,18.7333,-103.6833,91.44,41,100,8.77
396,Catia La Mar,VE,2022-05-13 21:57:33,10.6038,-67.0303,82.6,83,40,4.61
397,Olafsvik,IS,2022-05-13 21:57:33,64.8945,-23.7142,34.52,67,70,17.11
398,Niono,ML,2022-05-13 21:57:34,14.2526,-5.993,93.29,8,0,9.8
399,Motygino,RU,2022-05-13 21:57:34,58.1831,94.7592,46.72,70,73,3.56
400,Slavsk,RU,2022-05-13 21:57:35,55.0425,21.677,42.93,94,18,7.45
401,Havoysund,NO,2022-05-13 21:57:35,70.9963,24.6622,35.83,79,98,13.24
402,Tessalit,ML,2022-05-13 21:57:36,20.1986,1.0114,86.29,8,4,13.0
403,Pangnirtung,CA,2022-05-13 21:57:36,66.1451,-65.7125,21.2,73,75,10.36
404,Puerto Del Rosario,ES,2022-05-13 21:57:37,28.5004,-13.8627,69.55,73,0,1.14
405,Vydrino,RU,2022-05-13 21:57:38,51.485,104.8461,43.63,60,16,6.64
406,Havelock,US,2022-05-13 21:57:38,34.8791,-76.9013,78.03,81,75,3.0
407,Parksville,CA,2022-05-13 21:53:27,49.3163,-124.3195,52.59,77,96,19.57
408,Kindersley,CA,2022-05-13 21:57:39,51.4668,-109.1682,50.02,62,100,20.71
409,Ixtapa,MX,2022-05-13 21:57:39,20.7,-105.2,90.72,40,100,7.96
410,North Platte,US,2022-05-13 21:57:30,41.1239,-100.7654,76.12,23,24,25.99
411,Belmonte,BR,2022-05-13 21:57:40,-15.8631,-38.8828,76.12,80,7,6.98
412,Kiama,AU,2022-05-13 21:57:41,-34.6833,150.8667,65.57,95,19,3.0
413,Dingle,PH,2022-05-13 21:57:41,10.9995,122.6711,78.26,86,94,1.86
414,Sinnamary,GF,2022-05-13 21:57:42,5.3833,-52.95,78.75,85,15,11.14
415,Veere,NL,2022-05-13 21:57:42,51.5483,3.6667,56.98,77,82,16.11
416,Dabat,ET,2022-05-13 21:58:43,12.9842,37.765,64.65,41,0,2.77
417,Manokwari,ID,2022-05-13 21:58:43,-0.8667,134.0833,80.33,75,96,3.96
418,Tirumullaivasal,IN,2022-05-13 21:58:44,11.2333,79.8333,80.28,81,93,11.83
419,Monaragala,LK,2022-05-13 21:58:44,6.8714,81.3487,77.22,85,98,6.87
420,La Ronge,CA,2022-05-13 21:55:54,55.1001,-105.2842,46.65,49,100,13.8
421,Obo,CF,2022-05-13 21:58:45,5.3998,26.4869,69.13,90,100,4.74
422,Sao Jose Do Rio Pardo,BR,2022-05-13 21:58:46,-21.5956,-46.8886,64.51,67,0,3.76
423,Salima,MW,2022-05-13 21:58:46,-13.7804,34.4587,63.05,66,0,3.71
424,Samana,DO,2022-05-13 21:58:47,19.2056,-69.3369,84.42,74,75,9.22
425,Kearney,US,2022-05-13 21:55:35,40.6995,-99.0815,77.58,28,0,9.22
426,Qasigiannguit,GL,2022-05-13 21:58:47,68.8193,-51.1922,24.6,87,99,4.09
427,Santa Rosa,PH,2022-05-13 21:57:24,14.3122,121.1114,84.18,84,61,2.28
428,Winslow,US,2022-05-13 21:58:48,35.0242,-110.6974,79.02,6,0,5.97
429,Mafra,BR,2022-05-13 21:58:48,-26.1114,-49.8053,55.29,95,0,2.66
430,Nhamunda,BR,2022-05-13 21:58:49,-2.1861,-56.7131,77.58,93,95,1.54
431,Hasaki,JP,2022-05-13 21:58:49,35.7333,140.8333,68.4,90,100,29.08
432,Puerto Madryn,AR,2022-05-13 21:58:50,-42.7692,-65.0385,54.36,36,7,18.43
433,Alofi,NU,2022-05-13 21:58:50,-19.0595,-169.9187,78.69,61,100,10.36
434,Ostrovnoy,RU,2022-05-13 21:58:51,68.0531,39.5131,39.25,92,100,6.62
435,Anadyr,RU,2022-05-13 21:58:51,64.75,177.4833,45.1,61,0,13.42
436,Peddapalli,IN,2022-05-13 21:58:52,18.6167,79.3667,89.02,52,36,11.41
437,Balkanabat,TM,2022-05-13 21:58:53,39.5108,54.3671,64.53,53,8,4.68
438,Kousseri,CM,2022-05-13 21:58:53,12.0769,15.0306,93.16,38,75,13.8
439,Liku,ID,2022-05-13 21:58:54,-0.7275,119.8922,76.87,92,100,3.24
440,Meaux,FR,2022-05-13 21:58:54,48.9167,3.0,58.77,83,46,4.54
441,Vanavara,RU,2022-05-13 21:58:55,60.34,102.2797,47.14,80,100,0.83
442,Rio Gallegos,AR,2022-05-13 21:58:55,-51.6226,-69.2181,44.65,81,75,4.61
443,Volnoye,UA,2022-05-13 21:58:55,47.6365,34.8139,59.77,85,100,1.83
444,Prieska,ZA,2022-05-13 21:58:56,-29.6641,22.7474,55.99,22,61,3.58
445,Srednekolymsk,RU,2022-05-13 21:55:04,67.45,153.6833,39.45,74,71,3.74
446,El Dorado,US,2022-05-13 21:58:57,38.7666,-120.5177,73.63,33,10,3.0
447,Ken Caryl,US,2022-05-13 21:58:57,39.5773,-105.1169,79.38,8,26,10.0
448,Yenagoa,NG,2022-05-13 21:58:58,4.9247,6.2642,77.56,92,51,4.61
449,Malinovoye Ozero,RU,2022-05-13 21:58:58,51.6753,79.7825,59.47,36,27,2.44
450,Mombetsu,JP,2022-05-13 21:58:59,44.3525,143.3525,52.11,94,100,13.89
451,Dong Hoi,VN,2022-05-13 21:58:59,17.4833,106.6,79.36,89,100,5.19
452,Saint-Michel-Des-Saints,CA,2022-05-13 21:59:00,46.6834,-73.9159,84.94,44,12,9.42
453,Lahij,YE,2022-05-13 21:59:01,13.1667,44.5833,84.38,33,2,4.27
454,Tet,HU,2022-05-13 21:59:01,47.5192,17.508,63.79,94,0,6.91
455,Taoudenni,ML,2022-05-13 21:59:02,22.6783,-3.9836,88.99,10,89,13.85
456,Huayang,CN,2022-05-13 21:59:02,34.4155,109.9939,39.18,83,100,3.89
457,Perry,US,2022-05-13 21:59:03,37.2506,-83.1999,73.58,60,63,5.7
458,Vilyuysk,RU,2022-05-13 22:00:03,63.7553,121.6247,28.02,77,22,10.96
459,Tupik,RU,2022-05-13 22:00:06,54.4253,119.9327,35.96,95,75,2.68
460,Claveria,PH,2022-05-13 22:00:08,18.6074,121.0832,79.63,84,15,4.47
461,Atikokan,CA,2022-05-13 21:55:53,48.7555,-91.6216,73.47,42,47,11.79
462,Aksu,CN,2022-05-13 22:00:09,41.1231,80.2644,62.62,51,100,4.52
463,Komsomolskiy,UZ,2022-05-13 22:00:10,40.4272,71.7189,66.79,62,92,3.15
464,Seinajoki,FI,2022-05-13 22:00:11,62.7945,22.8282,39.97,81,9,4.61
465,Mantsala,FI,2022-05-13 22:00:11,60.6609,25.2838,45.7,71,83,4.65
466,Phan Thiet,VN,2022-05-13 22:00:12,10.9333,108.1,79.03,87,55,3.29
467,Ordzhonikidze,KZ,2022-05-13 22:00:12,52.4411,61.7408,54.73,82,100,16.44
468,Vikulovo,RU,2022-05-13 22:00:13,56.8167,70.6107,53.01,73,77,6.89
469,Galveston,US,2022-05-13 22:00:14,29.3669,-94.9669,91.09,65,7,7.0
470,Mozarlandia,BR,2022-05-13 22:00:14,-14.7447,-50.5706,81.59,42,100,3.53
471,Gorakhpur,IN,2022-05-13 22:00:15,29.45,75.6833,91.33,9,0,2.42
472,Beringovskiy,RU,2022-05-13 22:00:16,63.05,179.3167,36.12,87,100,3.58
473,Kericho,KE,2022-05-13 22:00:16,-0.3677,35.2831,57.0,94,92,2.82
474,Veles,MK,2022-05-13 22:00:17,41.7156,21.7756,64.85,93,31,1.54
475,Coihaique,CL,2022-05-13 22:00:17,-45.5752,-72.0662,43.41,95,86,7.38
476,Isla Vista,US,2022-05-13 22:00:18,34.4133,-119.861,92.3,20,0,4.0
477,Tera,NE,2022-05-13 22:00:18,14.0078,0.7531,98.96,15,34,8.03
478,Cockburn Town,TC,2022-05-13 22:00:19,21.4612,-71.1419,79.05,85,100,23.4
479,Marfino,RU,2022-05-13 22:00:19,55.7028,37.3822,50.34,59,0,11.18
480,Aitape,PG,2022-05-13 22:00:20,-3.1374,142.3475,80.38,78,90,3.6
481,Bestobe,KZ,2022-05-13 22:00:20,52.4994,73.0975,58.6,53,77,7.99
482,Byron Bay,AU,2022-05-13 22:00:21,-28.65,153.6167,67.71,88,99,13.4
483,Bima,ID,2022-05-13 22:00:22,-8.4667,118.7167,76.01,95,62,3.74
484,Zhoucheng,CN,2022-05-13 22:00:23,35.9122,116.3117,56.79,35,100,2.19
485,Muskegon,US,2022-05-13 22:00:23,43.3,-86.1334,86.77,28,0,8.05
486,Cheyenne,US,2022-05-13 22:00:24,41.14,-104.8203,65.23,17,73,24.0
487,Winneba,GH,2022-05-13 22:00:24,5.3511,-0.6231,82.06,85,13,9.75
488,Alamos,MX,2022-05-13 22:00:00,27.0167,-108.9333,99.36,7,3,8.37
489,Tecoman,MX,2022-05-13 22:00:25,18.9167,-103.8833,89.78,45,100,9.8
490,Girvan,GB,2022-05-13 22:00:26,55.2426,-4.8555,51.8,85,99,6.82
491,Vila Franca Do Campo,PT,2022-05-13 22:00:27,37.7167,-25.4333,64.2,89,100,7.85
492,Port Hedland,AU,2022-05-13 21:58:08,-20.3167,118.5667,75.25,100,100,0.0
493,Uruacu,BR,2022-05-13 21:56:57,-14.5247,-49.1408,79.18,42,100,3.4
494,Kyra,RU,2022-05-13 22:00:28,49.5776,111.9753,38.53,61,16,5.3
495,Nuuk,GL,2022-05-13 22:00:28,64.1835,-51.7216,27.21,68,100,2.3
496,Socorro,US,2022-05-13 22:00:29,31.6546,-106.3033,92.41,3,20,9.22
497,Razole,IN,2022-05-13 22:00:29,16.4833,81.8333,80.73,91,19,3.85
498,North Bend,US,2022-05-13 21:56:00,43.4065,-124.2243,56.25,100,100,0.0
499,Daru,PG,2022-05-13 22:00:30,-9.0763,143.2092,81.14,78,41,6.04
500,Novikovo,RU,2022-05-13 22:00:31,51.1537,37.8879,47.79,84,5,7.2
501,Chissamba,AO,2022-05-13 22:00:31,-12.1667,17.3333,63.59,58,15,3.65
502,Aktau,KZ,2022-05-13 22:00:32,43.65,51.2,55.98,70,6,11.48
503,Soyo,AO,2022-05-13 22:00:32,-6.1349,12.3689,76.96,89,25,6.76
504,Spornoye,RU,2022-05-13 22:00:33,50.8448,37.2913,47.17,82,34,8.23
505,Oxelosund,SE,2022-05-13 22:00:34,58.6706,17.1015,48.58,76,0,6.91
506,Yulara,AU,2022-05-13 22:01:34,-25.2406,130.9889,63.25,55,96,5.48
507,Sao Geraldo Do Araguaia,BR,2022-05-13 22:01:35,-6.4006,-48.555,75.72,92,81,1.63
508,Mitsamiouli,KM,2022-05-13 22:01:35,-11.3847,43.2844,78.98,70,1,4.72
509,Araxa,BR,2022-05-13 21:59:27,-19.5933,-46.9406,75.16,53,20,1.14
510,Abu Samrah,SY,2022-05-13 22:01:36,35.3029,37.1841,69.75,40,74,0.58
511,Casas Grandes,MX,2022-05-13 22:01:36,30.3667,-107.95,87.44,3,4,10.16
512,Ouesso,CG,2022-05-13 22:01:37,1.6136,16.0517,74.21,87,76,0.58
513,Pangody,RU,2022-05-13 22:01:38,65.85,74.4859,36.14,96,19,7.94
514,Port Lincoln,AU,2022-05-13 22:01:38,-34.7333,135.8667,62.65,73,41,18.92
515,Miles City,US,2022-05-13 22:01:39,46.4083,-105.8406,64.09,33,75,24.2
516,Dickinson,US,2022-05-13 22:01:39,29.4608,-95.0513,91.15,64,7,11.01
517,Pasighat,IN,2022-05-13 22:01:40,28.0667,95.3333,71.64,95,100,1.3
518,Xining,CN,2022-05-13 22:00:12,36.6167,101.7667,36.45,86,100,3.13
519,Sohbatpur,PK,2022-05-13 22:01:40,28.5202,68.5434,93.74,4,2,5.73
520,Thinadhoo,MV,2022-05-13 22:01:41,0.5333,72.9333,82.96,69,100,9.06
521,Gandhidham,IN,2022-05-13 22:01:41,23.0833,70.1333,82.85,75,19,15.19
522,Luocheng,CN,2022-05-13 22:01:42,29.3848,104.0286,56.21,89,100,12.53
523,Tiksi,RU,2022-05-13 22:01:42,71.6872,128.8694,16.52,87,19,10.11
524,Ocampo,MX,2022-05-13 22:01:43,21.65,-101.5,83.8,10,16,13.35
525,Nelson Bay,AU,2022-05-13 22:01:43,-32.7167,152.15,69.12,95,24,1.99
526,Dire,ML,2022-05-13 22:01:44,12.2833,-10.9667,92.46,21,54,1.63
527,Nanakuli,US,2022-05-13 22:01:44,21.3906,-158.1547,81.45,62,10,10.42
528,Soe,ID,2022-05-13 22:01:45,-9.8607,124.284,65.71,94,82,2.55
529,Solton,RU,2022-05-13 22:01:45,52.8429,86.4787,51.85,57,7,1.7
530,Suoyarvi,RU,2022-05-13 22:01:46,62.0833,32.35,44.1,91,100,7.31
531,Ilulissat,GL,2022-05-13 22:01:46,69.2167,-51.1,24.82,68,75,0.0
532,Shu,KZ,2022-05-13 22:01:47,43.5983,73.7614,57.54,94,97,13.49
533,Eseka,CM,2022-05-13 22:01:48,3.65,10.7667,74.3,100,63,1.88
534,Lovington,US,2022-05-13 22:01:48,32.944,-103.3485,92.32,4,0,3.0
535,Walvis Bay,NA,2022-05-13 22:01:49,-22.9575,14.5053,56.08,67,0,9.37
536,Hervey Bay,AU,2022-05-13 22:01:49,-25.2986,152.8535,71.02,98,68,15.01
537,Kirkland Lake,CA,2022-05-13 22:01:50,48.1446,-80.0377,79.38,43,100,7.34
538,Caledon,ZA,2022-05-13 22:01:50,-34.23,19.4265,57.07,73,61,3.96
539,Immokalee,US,2022-05-13 22:01:52,26.4187,-81.4173,86.95,57,0,9.22
540,Santander,ES,2022-05-13 21:59:19,43.4647,-3.8044,64.31,93,100,4.61
541,Belaya Gora,RU,2022-05-13 22:01:53,68.5333,146.4167,23.54,68,91,16.28
542,The Valley,AI,2022-05-13 22:01:54,18.217,-63.0578,80.1,79,99,20.51
543,Trairi,BR,2022-05-13 22:00:09,-3.2778,-39.2689,78.51,85,100,9.4
544,Buraydah,SA,2022-05-13 22:01:54,26.326,43.975,79.34,16,0,10.4
545,Hualmay,PE,2022-05-13 22:01:55,-11.0964,-77.6139,66.74,79,26,9.4
546,Kyshtovka,RU,2022-05-13 22:01:55,56.555,76.6271,55.24,50,14,6.76
547,Dumabato,PH,2022-05-13 22:01:56,16.3167,121.7,73.99,94,49,1.79
548,West Richland,US,2022-05-13 22:00:03,46.3043,-119.3614,63.57,26,0,8.01
549,Balikpapan,ID,2022-05-13 22:00:26,-1.2675,116.8289,77.99,94,75,5.75
550,Alta Floresta,BR,2022-05-13 22:00:08,-9.8756,-56.0861,79.23,69,92,2.55
551,Roseburg,US,2022-05-13 21:59:11,43.2165,-123.3417,61.18,72,100,2.1
552,Deputatskiy,RU,2022-05-13 22:02:57,69.3,139.9,15.57,74,100,2.75
553,Mama,RU,2022-05-13 22:02:58,58.3106,112.8986,44.78,93,100,3.38
554,Bukama,CD,2022-05-13 22:02:58,-9.2,25.85,71.28,62,81,0.43
555,Kloulklubed,PW,2022-05-13 22:02:59,7.0419,134.2556,83.34,75,100,9.95
556,Guangyuan,CN,2022-05-13 22:02:59,32.442,105.823,50.59,94,100,9.78
557,Kokstad,ZA,2022-05-13 22:03:00,-30.5472,29.4241,48.52,82,6,1.74
558,Flinders,AU,2022-05-13 22:03:00,-34.5833,150.8552,65.37,94,14,4.0
559,Ust-Charyshskaya Pristan,RU,2022-05-13 22:03:01,52.3934,83.6635,56.79,44,0,3.8
560,Banikoara,BJ,2022-05-13 22:03:01,11.2985,2.4386,83.05,62,93,7.9
561,Berlevag,NO,2022-05-13 22:03:02,70.8578,29.0864,35.55,75,75,12.66
562,Palmas,BR,2022-05-13 22:03:02,-10.2128,-48.3603,79.48,61,69,0.4
563,Karasburg,NA,2022-05-13 22:03:03,-28.0167,18.75,55.87,34,100,3.74
564,Opuwo,NA,2022-05-13 22:03:03,-18.0607,13.84,61.05,33,0,2.46
